,SLITRK4,SLITRK2,Sample,SLITRK4/GAPDH,SLITRK2/GAPDH
0,23599.99909877777,2187.9997042417526,ML_scClone1,0.09640302049999999,0.0036463825
1,107886.0034275055,145282.00351917744,ML_scClone2,0.0207106225,0.0019625305000000003
2,157057.3332309723,182679.99640238285,ML_scClone3,0.0192403035,0.0015014605
3,141801.33546161652,212562.6658360958,ML_scClone4,0.0119775015,0.000698076
4,73640.66409015656,170686.00217473507,ML_scClone5,0.027675111500000002,0.0009824455
5,45175.3299407959,63500.66387975216,ML_scClone6,0.008994527,0.000798099
6,76126.66505241394,96729.32927548885,ML_scClone7,0.0314034,0.0023342715000000003
